Product_Number,product_link,product_name,product_type,brand,notable_effects,price,Sensitive,Combination,Oily,Dry,Normal
0,https://mamaearth.in/product/ubtan-face-wash-with-turmeric-saffron-for-tan-removal-150-ml,Mama Earth Ubtan Face Wash with Turmeric & Saffron,Face Wash,Mama Earth,"Brightens Skin, Removes Tan",Rs 235,0,1,1,0,0
1,https://mamaearth.in/product/rice-face-wash-with-rice-water-niacinamide-for-glass-skin-100-ml,Mama Earth Rice Face Wash With Rice Water & Niacinamide,Face Wash,Mama Earth ,"Cleanses Skin, Hydrates Skin",Rs 235,1,0,0,1,0
2,https://mamaearth.in/product/multani-mitti-face-wash-with-multani-mitti-bulgarian-rose-for-oil-control-acne-100-ml,Mama Earth Multani Mitti Face Wash with Multani Mitti & Bulgarian Rose,Face Wash,Mama Earth,"Controls Acne, Hydrates Skin",Rs 235,1,1,1,1,1
3,https://mamaearth.in/product/beetroot-gentle-face-wash,Mama Earth Beetroot Gentle Face Wash With Beetroot & Hyaluronic Acid,Face Wash,Mama Earth,"Glow Natural Pink, Hydrates Skin",Rs 235,1,0,0,1,0
4,https://mamaearth.in/product/vitamin-c-face-wash-with-vitamin-c-and-turmeric-for-skin-illumination-100ml,Mama Earth Vitamin C Face Wash with Vitamin C and Turmeric ,Face Wash,Mama Earth,"Brightens Skin, Even Tone Skin",Rs 235,1,0,1,0,0
5,https://mamaearth.in/product/best-charcoal-face-wash,Mama Earth Charcoal Face Wash,Face Wash,Mama Earth,Controls Oil,Rs 229,0,1,1,0,0
6,https://mamaearth.in/product/tea-tree-face-wash,Mama Earth Tea Tree Facewash ,Face Wash,Mama Earth,"Controls Oil, Reduces Acne",Rs 235,0,1,1,0,0
7,https://mamaearth.in/product/neem-pimple-care-face-wash-with-neem-salicylic-acid-150-ml,Mama Earth Neem Pimple Clear Face Wash with Neem & Salicylic Acid,Face Wash,Mama Earth,"Cleanses Skin, Reduces Acne",Rs 235,1,1,1,1,1
8,https://mamaearth.in/product/vitamin-c-daily-glow-sunscreen-with-vitamin-c-turmeric-for-sun-protection-glow-80-g,Mama Earth Vitamin C Daily Glow Sunscreen With Vitamin C & Turmeric,Sunscreen,Mama Earth,"Brightens Skin, SPF 50 PA ++++",Rs 374,1,1,1,1,1
9,https://mamaearth.in/product/ultra-light-indian-sunscreen,"Mama Earth Ultra Light Indian Sunscreen with Carrot Seed, Turmeric",Sunscreen,Mama Earth,"Brightens Skin, Longlasting, SPF 50 PA ++++",Rs 428,1,1,1,1,1
10,https://mamaearth.in/product/hydragel-indian-sunscreen-with-aloe-vera-raspberry-for-sun-protection-50-g,Mama Earth HydraGel Indian Sunscreen with Aloe Vera and Raspberry,Sunscreen,Mama Earth,"Non-Sticky, SPF 50 PA ++++",Rs 350,1,1,1,1,1
11,https://mamaearth.in/product/mamaearth-rice-water-dewy-sunscreen-with-spf-50-pa-80g,Mama Earth Rice Water Dewy Sunscreen,Sunscreen,Mama Earth,"Brightens Skin, SPF 50 PA ++++",Rs 455,1,1,1,1,1
12,https://mamaearth.in/product/beetroot-hydraful-hyaluronic-acid-sunscreen-50ml,Mama Earth Beetroot Hydraful Sunscreen With Beetroot & Hyaluronic Acid,Sunscreen,Mama Earth,"Hydrates Skin, SPF 50 PA ++++",Rs 350,1,1,1,1,1
13,https://mamaearth.in/product/ubtan-detan-sunscreen-with-turmeric-saffron-for-sun-protection-50-g,Mama Earth Ubtan Detan Sunscreen With Turmeric & Saffron,Sunscreen,Mama Earth,"Removes Tan, SPF 50 PA ++++",Rs 350,1,1,1,1,1
14,https://mamaearth.in/product/skin-illuminate-sunscreen-gel-spf-50-with-vitamin-c-turmeric-for-uva-b-protection-50-g,Mama Earth Skin Illuminate Sunscreen Gel with Vitamin C & Turmeric ,Sunscreen,Mama Earth,"Removes Tan, SPF 50 PA ++++",Rs 394,1,1,1,1,1
15,https://mamaearth.in/product/vitamin-c-daily-glow-face-serum-with-vitamin-c-turmeric-for-radiant-skin-30-ml,Mama Earth Vitamin C Daily Glow Face Serum With Vitamin C & Turmeric,Serum,Mama Earth,Brightens Skin,Rs 327,1,0,0,1,1
16,https://mamaearth.in/product/skin-correct-face-serum-with-niacinamide-and-ginger-extract-for-acne-marks-scars-30-ml,Mama Earth Skin Correct Face Serum with Niacinamide and Ginger Extract,Serum,Mama Earth,"Minimizes Pores, Reduces Acne Marks",Rs 526,1,1,1,0,1
17,https://mamaearth.in/product/rice-water-dewy-active-serum-50-ml,Mama Earth Rice Water Dewy Active Serum With Rice Water & 10% Niacinamide,Serum,Mama Earth,"Even Tone Skin, Reduces Dark Spots",Rs 438,1,1,1,0,0
18,https://mamaearth.in/product/tea-tree-face-serum,Mama Earth Tea Tree Face Serum,Serum,Mama Earth,"Cleanses Skin, Reduces Acne",Rs 526,0,1,1,0,0
19,https://mamaearth.in/product/bye-bye-blemishes-face-serum-with-mulberry-and-vitamin-c-for-even-skin-tone-30ml,Mama Earth Bye Bye Blemishes Face Serum with Mulberry and Vitamin C,Serum,Mama Earth,"Even Tone Skin, Reduces Dark Spots",Rs 438,0,1,1,0,1
20,https://mamaearth.in/product/beetroot-hydraful-essence-serum-50-ml,Mama Earth Beetroot Hydraful Essence Serum ,Serum,Mama Earth,"Glow Natural Pink, Hydrates Skin",Rs 388,1,0,0,1,1
21,https://mamaearth.in/product/ubtan-face-serum-for-glowing-skin-with-turmeric-saffron-for-skin-brightening-30-ml,Mama Earth Ubtan Face Serum with Turmeric & Saffron,Serum,Mama Earth,Brightens Skin,Rs 438,0,1,0,1,1
22,https://mamaearth.in/product/rice-oil-free-face-moisturizer-with-rice-water-niacinamide-for-glass-skin-80-g,Mama Earth Rice Oil-Free Face Moisturizer With Rice Water & Niacinamide,Moisturizer,Mama Earth,"Brightens Skin, Hydrates Skin",Rs 279,1,1,1,1,1
23,https://mamaearth.in/product/beetroot-hydraful-hyaluronic-acid-face-moisturizer-50ml,Mama Earth Beetroot Hydraful Moisturizer With Beetroot & Hyaluronic Acid,Moisturizer,Mama Earth,"Glow Natural Pink, Hydrates Skin",Rs 299,1,0,0,1,1
24,https://mamaearth.in/product/vitamin-c-ultra-light-gel-oil-free-moisturizer-with-vitamin-c-aloe-vera-water-for-glowing-hydration-200-ml,Mama Earth Vitamin C Ultra Light Gel Oil-Free Moisturizer,Moisturizer,Mama Earth,"Non-Sticky, Smooth Skin",Rs 299,1,1,1,1,1
25,https://mamaearth.in/product/oil-free-face-moisturizer-with-apple-cider-vinegar-for-acne-prone-skin,Mama Earth Oil-Free Face Moisturizer ,Moisturizer,Mama Earth,"Hydrates Skin, Reduces Acne Marks",Rs 273,0,1,1,0,0
26,https://mamaearth.in/product/aloe-vera-oil-free-face-moisturizer-with-aloe-vera-ashwagandha-for-a-youthful-glow-80-g,Mama Earth Aloe Vera Oil-Free Face Moisturizer with Aloe Vera & Ashwagandha,Moisturizer,Mama Earth,"Hydrates Skin, Non-Sticky",Rs 262,0,1,1,0,1
27,https://mamaearth.in/product/ubtan-oil-free-face-moisturizer-with-turmeric-saffron-for-skin-brightening-80-ml,Mama Earth Ubtan Oil-Free Face Moisturizer ,Moisturizer,Mama Earth,Brightens Skin,Rs 273,1,1,1,0,1
28,https://aqualogica.in/products/glow-smoothie-face-wash-for-deep-cleansing-and-skin-brightening-with-vitamin-c-and-papaya-100-gm-1,Aqualogica Glow+ Smoothie Face Wash with Papaya & Vitamin C,Face Wash,Aqualogica,"Brightens Skin, Cleanses Skin",Rs 249,0,1,1,1,1
29,https://aqualogica.in/products/detan-smoothie-face-wash-100ml-1,Aqualogica Detan+ Smoothie Face Wash with Cherry Tomato & Glycolic Acid for,Face Wash,Aqualogica,"Cleanses Skin, Hydrates Skin",Rs 249,1,0,1,1,0
30,https://aqualogica.in/products/radiance-smoothie-face-wash-50g,Aqualogica Radiance+ Smoothie Face Wash with Watermelon & Niacinamide,Face Wash,Aqualogica,"Controls Oil, Hydrates Skin",Rs 249,0,1,1,1,0
31,https://aqualogica.in/products/illuminate-smoothie-face-wash-with-wild-berries-and-alpha-arbutin-100ml,Aqualogica IIIuminate+ Smoothie Face Wash with Wild Berries & Alpha Arbutin,Face Wash,Aqualogica,"Cleanses Skin, Hydrates Skin",Rs 249,1,0,1,1,0
32,https://aqualogica.in/products/radiance-mousse-hydrating-foam-cleanser-100-ml,Aqualogica Radiance+ Mousse Hydrating Foam Cleanser,Face Wash,Aqualogica,"Hydrates Skin, Reduces Acne Marks",Rs 349,0,1,1,1,0
33,https://aqualogica.in/products/detan-mousse-hydrating-foam-cleanser-1oo-ml,Aqualogica Detan+ Mousse Hydrating Foam Cleanser,Face Wash,Aqualogica,"Brightens Skin, Removes Tan",Rs 349,1,1,1,1,1
34,https://aqualogica.in/products/illuminate-hydra-gel-moisturizer-200g,Aqualogica Illuminate + Hydra Gel Moisturizer with Wild Berries & Alpha Arbutin,Moisturizer,Aqualogica,Hydrates Skin,Rs 399,0,1,1,1,0
35,https://aqualogica.in/products/illuminate-milk-fluid-moisturizer-70ml,Aqualogica Illuminate+ Milk Fluid Moisturizer,Moisturizer,Aqualogica,"Even Tone Skin, Hydrates Skin",Rs 449,1,1,1,1,1
36,https://aqualogica.in/products/glow-hydra-gel-moisturizer-with-vitamin-c-papaya-200-g,Aqualogica Glow+ Hydra Gel Moisturizer with Vitamin C & Papaya -,Moisturizer,Aqualogica,Hydrates Skin,Rs 399,0,1,0,0,1
37,https://aqualogica.in/products/glow-jell-o-moisturiser-with-vitamin-c-and-papaya-for-illuminating-moisturization-and-skin-hydration-non-sticky-50-gm,Aqualogica Glow+ JellO Moisturizer,Moisturizer,Aqualogica,"Hydrates Skin, Non-Sticky",Rs 499,1,1,1,1,1
38,https://aqualogica.in/products/barrier-hydra-gel-moisturizer-200g,Aqualogica 5 Barrier+ Hydra Gel Moisturizer with Avocado & 5 Essential Ceramides,Moisturizer,Aqualogica,Hydrates Skin,Rs 399,1,0,0,1,0
39,https://aqualogica.in/products/radiance-oil-free-moisturizer,Aqualogica Radiance+ Oil Free Moisturizer with Watermelon & Niacinamide,Moisturizer,Aqualogica,"Hydrates Skin, Non-Sticky",Rs 399,1,1,1,1,1
40,https://aqualogica.in/products/glow-dewy-sunscreen-50g,Aqualogica Glow+ Dewy Sunscreen,Sunscreen,Aqualogica,"Brightens Skin, Even Tone Skin, SPF 50+ PA++++",Rs 449,1,1,1,1,1
41,https://aqualogica.in/products/detan-dewy-sunscreen-80-gm,Aqualogica Detan+ Dewy Sunscreen,Sunscreen,Aqualogica,"Even Tone Skin, Non-Sticky, SPF 50+ PA++++",Rs 599,1,1,1,1,1
42,https://aqualogica.in/products/radiance-dewy-sunscreen-80g,Aqualogica Radiance+ Dewy Sunscreen,Sunscreen,Aqualogica,"Hydrates Skin, Non-Sticky, SPF 50+ PA++++",Rs 599,1,1,1,1,1
43,https://aqualogica.in/products/illuminate-dewy-sunscreen-spf-50-pa-with-wild-berries-alpha-arbutin-80-g,Aqualogica Illuminate+ Dewy Sunscreen,Sunscreen,Aqualogica,"Hydrates Skin, Non-Sticky, SPF 50+ PA++++",Rs 599,1,1,1,1,1
44,https://aqualogica.in/products/hydrate-sunscreen-with-coconut-water-and-hyaluronic-acid-50-gm,Aqualogica Hydrate+ Dewy Sunscreen,Sunscreen,Aqualogica,"Hydrates Skin, SPF 50 PA++++",Rs 449,1,1,1,1,1
45,https://aqualogica.in/products/glow-concentrate-face-serum-for-skin-brightening-and-glow-with-vitamin-c-papaya-and-hyaluronic-acid-non-sticky-30ml,Aqualogica Glow+ Concentrate Face Serum,Serum,Aqualogica,"Brightens Skin, Even Tone Skin, Hydrates Skin",Rs 599,1,1,1,1,1
46,https://aqualogica.in/products/radiance-plus-concentrate-face-serum-30-ml-fades-acne-marks-and-dark-spots-controls-oil-reduces-enlarged-pores-and-prevent-acne-with-watermelon-and-niacinamide,Aqualogica Radiance+ Concentrate Face Serum,Serum,Aqualogica,"Brightens Skin, Reduces Acne Marks",Rs 599,1,1,1,1,1
47,https://aqualogica.in/products/illuminate-20x-alpha-arbutin-luminous-essence-serum-50ml,Aqualogica Illuminate+ 20x Alpha Arbutin Luminous Essence Serum,Serum,Aqualogica,"Even Tone Skin, Hydrates Skin",Rs 599,1,1,1,1,1
48,https://aqualogica.in/products/detan-concentrate-face-serum-30ml,Aqualogica Detan+ Concentrate Face Serum with Cherry Tomato & Glycolic Acid,Serum,Aqualogica,"Even Tone Skin, Removes Tan",Rs 599,1,1,1,1,1
49,https://aqualogica.in/products/hydrate-refresh-toning-mist-100-ml,Aqualogica Hydrate+ Refresh Toning Mist,Toner,Aqualogica,"Hydrates Skin, Minimizes Pores",Rs 249,1,1,1,1,1
50,https://discoverpilgrim.com/products/5-ceramides-barrier-repair-moisturizer,Pilgrim 5 Ceramides Barrier Repair Moisturizer,Moisturizer,Pilgrim,"Non-Sticky, Hydrates Skin",Rs 395,1,1,0,1,0
51,https://discoverpilgrim.com/products/squalane-glow-moisturizer,Pilgrim Squalane Glow Moisturizer,Moisturizer,Pilgrim,"Brightens Skin, Hydrates Skin",Rs 550,1,1,1,1,1
52,https://discoverpilgrim.com/products/oil-free-gel-moisturiser,Pilgrim Hyaluronic Acid Oil-Free Gel Moisturiser,Moisturizer,Pilgrim,"Hydrates Skin, Minimizes Pores",Rs 495,0,1,1,0,0
53,https://discoverpilgrim.com/products/tea-tree-light-non-oily-moisturizer,Pilgrim Tea Tree Light Non-Oily Moisturizer,Moisturizer,Pilgrim,"Hydrates Skin, Reduces Acne",Rs 275,0,1,1,0,0
54,https://discoverpilgrim.com/products/24k-gold-gel-moisturizer,Pilgrim 24K Gold Gel Moisturizer,Moisturizer,Pilgrim,"Reduces Dark Spots, Smooth Skin",Rs 795,1,1,1,1,1
55,https://discoverpilgrim.com/products/2-vitamin-c-oil-free-moisturizer,Pilgrim 2% Vitamin C Oil-Free Moisturizer,Moisturizer,Pilgrim,"Brightens Skin, Even Tone Skin, Hydrates Skin",Rs 350,1,1,1,1,1
56,https://discoverpilgrim.com/products/2-niacinamide-glow-sunscreen-spf-50-pa,Pilgrim 2% Niacinamide Glow Sunscreen,Sunscreen,Pilgrim,"Glow Skin, Non-Sticky, SPF 50 PA++++",Rs 395,1,1,1,1,1
57,https://discoverpilgrim.com/products/1-hyaluronic-acid-sunscreen-gel-spf-50-pa,Pilgrim 1% Hyaluronic Acid Sunscreen Gel ,Sunscreen,Pilgrim,"Gel Texture, Hydrates Skin, SPF 50 PA++++",Rs 395,1,1,1,1,1
58,https://discoverpilgrim.com/products/vitamin-c-invisible-sunscreen-spf-50-pa-australian-kakadu-plum,Pilgrim VITAMIN C Invisible Sunscreen,Sunscreen,Pilgrim,"Gel Texture, SPF 50 PA++++",Rs 695,1,1,1,1,1
59,https://discoverpilgrim.com/products/squalane-ultra-matte-sunscreen-spf-50-pa,Pilgrim Squalane Ultra Matte Sunscreen,Sunscreen,Pilgrim,"Skin Smooth, SPF 50 PA++++",Rs 700,1,1,1,1,1
60,https://discoverpilgrim.com/products/red-vine-face-wash-with-vitamin-c-aloe,Pilgrim Red Vine Face Wash with Vitamin C & Aloe,Face Wash,Pilgrim,"Cleanses Skin, Hydrates Skin",Rs 350,1,1,1,1,1
61,https://discoverpilgrim.com/products/salicylic-glycolic-acid-foaming-face-wash,Pilgrim Salicylic & Glycolic Acid Foaming Face Wash,Face Wash,Pilgrim,"Cleanses Skin, Reduces Dark Spots",Rs 345,0,1,1,0,0
62,https://discoverpilgrim.com/products/volcanic-lava-ash-face-wash-with-yugdugu-white-lotus,Pilgrim Volcanic Lava Ash Face Wash with Yugdugu & White Lotus,Face Wash,Pilgrim,"Cleanses Skin, Reduces Acne",Rs 350,1,1,1,1,1
63,https://discoverpilgrim.com/products/squalane-foaming-face-wash,Pilgrim Squalane Foaming Face Wash,Face Wash,Pilgrim,Hydrates Skin,Rs 350,1,1,1,1,1
64,https://discoverpilgrim.com/products/tea-tree-purifying-gel-face-wash,Pilgrim Tea Tree Purifying Gel Face Wash,Face Wash,Pilgrim,"Cleanses Skin, Reduces Acne",Rs 250,0,1,1,0,0
65,https://discoverpilgrim.com/products/vitamin-c-gel-face-wash,Pilgrim Vitamin C Gel Face Wash,Face Wash,Pilgrim,"Brightens Skin, Even Tone Skin",Rs 250,1,1,1,1,1
66,https://discoverpilgrim.com/products/24k-gold-gel-face-wash,Pilgrim 24K Gold Gel Face Wash,Face Wash,Pilgrim,"Smooth Skin, Even Tone",Rs 395,1,1,1,1,1
67,https://discoverpilgrim.com/products/10-vitamin-c-face-serum-for-daily-brightness,Pilgrim 10% Vitamin C Face Serum,Serum,Pilgrim,"Even Tone Skin, Reduces Dark Spots",Rs 545,1,1,1,1,1
68,https://discoverpilgrim.com/products/alpha-arbutin-vitamin-c-brightening-serum,Pilgrim Alpha Arbutin & Vitamin C Brightening Serum,Serum,Pilgrim,"Brightens Skin, Reduces Dark Spots",Rs 695,1,1,1,1,1
69,https://discoverpilgrim.com/products/24k-gold-serum,Pilgrim 24K Gold Serum,Serum,Pilgrim,"Glow Skin, Hydrates Skin",Rs 695,1,1,1,1,1
70,https://discoverpilgrim.com/products/niacinamide-alpha-arbutin-skin-clarifying-serum,Pilgrim Niacinamide & Alpha Arbutin Serum,Serum,Pilgrim,"Brightens Skin, Reduces Acne",Rs 695,1,1,1,1,1
71,https://discoverpilgrim.com/products/2-kojic-acid-serum,Pilgrim 2% Kojic Acid Serum,Serum,Pilgrim,"Even Tone Skin, Reduce Dark Spots",Rs 495,1,1,1,1,1
72,https://discoverpilgrim.com/products/red-vine-face-serum-for-anti-ageing,Pilgrim Red Vine Face Serum for Anti-Ageing,Serum,Pilgrim,Hydrates Skin,Rs 600,1,1,1,1,1
73,https://discoverpilgrim.com/products/retinol-hyaluronic-acid-lift-firm-serum,Pilgrim Retinol & Hyaluronic Acid Serum,Serum,Pilgrim,"Reduces Wrinkles, Hydrates Skin",Rs 650,1,1,1,1,1
74,https://discoverpilgrim.com/products/salicylic-glycolic-acid-anti-acne-serum,Pilgrim Salicylic & Glycolic Acid Serum,Serum,Pilgrim,"Cleanses Skin, Reduces Acne",Rs 650,0,1,1,0,0
75,https://discoverpilgrim.com/products/red-vine-face-mist-toner-with-niacinamide-vit-b3-aloe,Pilgrim Red Vine Face Mist & Toner with Niacinamide & Aloe,Toner,Pilgrim,"Hydrates Skin, Minimizes Pores",Rs 300,1,1,1,1,1
76,https://discoverpilgrim.com/products/white-lotus-natural-face-mist-toner-with-camellia-witch-hazel,Pilgrim White Lotus Natural Face Mist & Toner with Camellia & Witch Hazel,Toner,Pilgrim,Hydrates Skin,Rs 300,1,1,1,1,1
77,https://discoverpilgrim.com/products/squalane-toner-mist,Pilgrim Squalane Toner & Mist,Toner,Pilgrim,Hydrates Skin,Rs 300,1,1,1,1,1
78,https://discoverpilgrim.com/products/tea-tree-purifying-toner,Pilgrim Tea Tree Purifying Toner,Toner,Pilgrim,"Cleanses Skin, Minimizes Pores",Rs 300,0,1,1,0,0
79,https://discoverpilgrim.com/products/1-vitamin-c-toner,Pilgrim 1% Vitamin C Toner,Toner,Pilgrim,"Brightens Skin, Minimizes Pores",Rs 300,1,1,1,1,1
80,https://discoverpilgrim.com/products/swiss-aqua-rush-hydrating-gel-toner,Pilgrim Swiss Aqua Rush Hydrating Gel Toner,Toner,Pilgrim,Hydrates Skin,Rs 325,1,1,1,1,1
81,https://www.amazon.in/Cetaphil-Gentle-Skin-Cleanser-125ml/dp/B01CCGW4OE/ref=sr_1_1_sspa?crid=1ZS8UDMBDRPQK&dib=eyJ2IjoiMSJ9.1qredfI4l7tA8eXxVjAUVx9uKtvzJ7CuATfcxRvjENQbX4CcRiWsz-9qz3VRueJaLK9kyxwewmUV3EBirQ2VDyUTPkQwP8hQ_bK2Z5ULaqroGWRQHEwo5ZOCY7aLg77pm735p7R0zFzYXshB9QqtItoo_U-dqGVeIjtoYkGmet1FZbXiFIKm1hl3tdmEU2opu1tWixL7ZjGWJV8Hsf0ZQQdgT980kWmahyftAj7pDdDVLqpYlqrAORzU4vCX0-NEFnKdBiW4m25D6XQ6GP4IeOybfO4mJtubueEH1JaEyOo.AFYVKHwT78z6IC6SvAmO3jKtGDMYc35uf1IN9RwltaM&dib_tag=se&keywords=cetaphil%2Bcleansers&nsdOptOutParam=true&qid=1731247492&sprefix=cetaphil%2Bclenaser%2Caps%2C262&sr=8-1-spons&sp_csd=d2lkZ2V0TmFtZT1zcF9hdGY&th=1,Cetaphil Face Wash Gentle Skin Cleanser,Face Wash,Cetaphil,"Cleanses Skin, Hydrates Skin",Rs 359,0,0,0,1,1
82,https://www.amazon.in/Cetaphil-Hydrating-Cream-Cleanser-Niacinamide/dp/B0CG5RXS8L/ref=sr_1_2_sspa?crid=1ZS8UDMBDRPQK&dib=eyJ2IjoiMSJ9.1qredfI4l7tA8eXxVjAUVx9uKtvzJ7CuATfcxRvjENQbX4CcRiWsz-9qz3VRueJaLK9kyxwewmUV3EBirQ2VDyUTPkQwP8hQ_bK2Z5ULaqroGWRQHEwo5ZOCY7aLg77pm735p7R0zFzYXshB9QqtItoo_U-dqGVeIjtoYkGmet1FZbXiFIKm1hl3tdmEU2opu1tWixL7ZjGWJV8Hsf0ZQQdgT980kWmahyftAj7pDdDVLqpYlqrAORzU4vCX0-NEFnKdBiW4m25D6XQ6GP4IeOybfO4mJtubueEH1JaEyOo.AFYVKHwT78z6IC6SvAmO3jKtGDMYc35uf1IN9RwltaM&dib_tag=se&keywords=cetaphil+cleansers&nsdOptOutParam=true&qid=1731247492&sprefix=cetaphil+clenaser%2Caps%2C262&sr=8-2-spons&sp_csd=d2lkZ2V0TmFtZT1zcF9hdGY&psc=1,Cetaphil Hydrating foaming Face Wash,Face Wash,Cetaphil,Cleanses Skin,Rs 756,1,0,0,1,1
83,https://www.amazon.in/Cetaphil-Cleanser-Daily-Gentle-Foaming/dp/B0D78W8K62/ref=sr_1_4_sspa?crid=1ZS8UDMBDRPQK&dib=eyJ2IjoiMSJ9.1qredfI4l7tA8eXxVjAUVx9uKtvzJ7CuATfcxRvjENQbX4CcRiWsz-9qz3VRueJaLK9kyxwewmUV3EBirQ2VDyUTPkQwP8hQ_bK2Z5ULaqroGWRQHEwo5ZOCY7aLg77pm735p7R0zFzYXshB9QqtItoo_U-dqGVeIjtoYkGmet1FZbXiFIKm1hl3tdmEU2opu1tWixL7ZjGWJV8Hsf0ZQQdgT980kWmahyftAj7pDdDVLqpYlqrAORzU4vCX0-NEFnKdBiW4m25D6XQ6GP4IeOybfO4mJtubueEH1JaEyOo.AFYVKHwT78z6IC6SvAmO3jKtGDMYc35uf1IN9RwltaM&dib_tag=se&keywords=cetaphil+cleansers&nsdOptOutParam=true&qid=1731247492&sprefix=cetaphil+clenaser%2Caps%2C262&sr=8-4-spons&sp_csd=d2lkZ2V0TmFtZT1zcF9hdGY&psc=1,"Cetaphil Oily Skin Cleanser, Daily Face Wash",Face Wash,Cetaphil,Cleanses Skin,Rs 919,0,1,1,0,0
84,https://www.amazon.in/Cetaphil-Control-Foam-Face-Prone/dp/B09MWD6F4W/ref=sxin_15_pa_sp_search_thematic_sspa?content-id=amzn1.sym.cd33fa60-47cd-49f3-80b8-24b1f0cbef97%3Aamzn1.sym.cd33fa60-47cd-49f3-80b8-24b1f0cbef97&crid=1ZS8UDMBDRPQK&cv_ct_cx=cetaphil+cleansers&dib=eyJ2IjoiMSJ9.ygvSnV58qlcrmOCI974jPnbX7ExnHnbcwHH7S58VyVKgcoOqd_qy3BuGvOn8MUJW.dXohaUCnLC6zvAvMJW0lWHhHnzIfVqGDwZQGRx-zRCw&dib_tag=se&keywords=cetaphil+cleansers&nsdOptOutParam=true&pd_rd_i=B09MWD6F4W&pd_rd_r=2f633ffd-8844-4b1f-9378-2cca5b6cae87&pd_rd_w=KqDvM&pd_rd_wg=sYZ90&pf_rd_p=cd33fa60-47cd-49f3-80b8-24b1f0cbef97&pf_rd_r=J026SZQHH0VQ0VXRPSBS&qid=1731247492&sbo=RZvfv%2F%2FHxDF%2BO5021pAnSA%3D%3D&sprefix=cetaphil+clenaser%2Caps%2C262&sr=1-2-ced4eeeb-b190-41d6-902a-1ecb3fb8b7c4-spons&sp_csd=d2lkZ2V0TmFtZT1zcF9zZWFyY2hfdGhlbWF0aWM&psc=1,Cetaphil PRO Oil Control Foam Face Wash,Face Wash,Cetaphil,Cleanses Skin,Rs 816,0,1,1,0,0
85,https://www.amazon.in/Cetaphil-Daily-Advance-Hydrating-Lotion/dp/B01ER4HUWU/ref=sr_1_1_sspa?crid=19T8BW00HND2Z&dib=eyJ2IjoiMSJ9.bdIGyhY7TregR2a5zpCsIz-eVlwLSYx-MHIt0nX9lP0YQuNHzexMvXRd2dAs95aokADEc_dtBXhR8Ji78oPFI67Iu65goOfQ-_NUvMHik96PILjyMB7S1rzlAtBI7nojDtGllAQnRe6abTdgM7NTTLedptcIe8u8B8OmvgSt4Brhrfa3S637UqzsL1qilB6j-cJV3uW6otcr5in7DNVamKxkPYjgc-bpqyPy-jH9qHdhkIsu11V9C8xlggxSHQwsc-UKIRRcKSZ6u2VCo3YDv-H7X6rCdvOgD2DOABRd2Iw.y9aoxeE19k6aCcEfXY9j35PgUYtIGF_JmlabYVQSgUo&dib_tag=se&keywords=cetaphil%2Bmoisturisers&nsdOptOutParam=true&qid=1731247869&sprefix=cetaphil%2Bmoisturiser%2Caps%2C321&sr=8-1-spons&sp_csd=d2lkZ2V0TmFtZT1zcF9hdGY&th=1,Cetaphil Daily Advance Ultra Hydrating Lotion,Moisturizer,Cetaphil,"Smooth Skin, Hydrates Skin",Rs 450,1,0,0,1,1
86,https://www.amazon.in/Cetaphil-Moisturizing-Lotion-100ml/dp/B01ER4HR4Q/ref=sr_1_5?crid=19T8BW00HND2Z&dib=eyJ2IjoiMSJ9.bdIGyhY7TregR2a5zpCsIz-eVlwLSYx-MHIt0nX9lP0YQuNHzexMvXRd2dAs95aokADEc_dtBXhR8Ji78oPFI67Iu65goOfQ-_NUvMHik96PILjyMB7S1rzlAtBI7nojDtGllAQnRe6abTdgM7NTTLedptcIe8u8B8OmvgSt4Brhrfa3S637UqzsL1qilB6j-cJV3uW6otcr5in7DNVamKxkPYjgc-bpqyPy-jH9qHdhkIsu11V9C8xlggxSHQwsc-UKIRRcKSZ6u2VCo3YDv-H7X6rCdvOgD2DOABRd2Iw.y9aoxeE19k6aCcEfXY9j35PgUYtIGF_JmlabYVQSgUo&dib_tag=se&keywords=cetaphil+moisturisers&nsdOptOutParam=true&qid=1731247869&sprefix=cetaphil+moisturiser%2Caps%2C321&sr=8-5,"Cetaphil Moisturizing Lotion With Niacinamide,Panthenol",Moisturizer,Cetaphil,"Smooth Skin, Hydrates Skin",Rs 483,0,1,1,0,1
87,https://www.amazon.in/Cetaphil-Daily-Advance-Hydrating-Lotion/dp/B01N9975KN/ref=sr_1_7?crid=19T8BW00HND2Z&dib=eyJ2IjoiMSJ9.bdIGyhY7TregR2a5zpCsIz-eVlwLSYx-MHIt0nX9lP0YQuNHzexMvXRd2dAs95aokADEc_dtBXhR8Ji78oPFI67Iu65goOfQ-_NUvMHik96PILjyMB7S1rzlAtBI7nojDtGllAQnRe6abTdgM7NTTLedptcIe8u8B8OmvgSt4Brhrfa3S637UqzsL1qilB6j-cJV3uW6otcr5in7DNVamKxkPYjgc-bpqyPy-jH9qHdhkIsu11V9C8xlggxSHQwsc-UKIRRcKSZ6u2VCo3YDv-H7X6rCdvOgD2DOABRd2Iw.y9aoxeE19k6aCcEfXY9j35PgUYtIGF_JmlabYVQSgUo&dib_tag=se&keywords=cetaphil%2Bmoisturisers&nsdOptOutParam=true&qid=1731247869&sprefix=cetaphil%2Bmoisturiser%2Caps%2C321&sr=8-7&th=1,Cetaphil Dam Daily Advance Ultra Hydrating Lotion,Moisturizer,Cetaphil,"Smooth Skin, Hydrates Skin",Rs 220,1,0,0,1,0
88,https://www.amazon.in/Brightening-Serum-30ml-GentleBright-TechnologyTM/dp/B0CH4S4QWZ/ref=sr_1_1_sspa?crid=QHTE63KFAFBK&dib=eyJ2IjoiMSJ9.3UkQuLzNB9BinViMkqFbUM5IzG0qmZFCVUB4xip0IjKu5hIiwFWA4xYVq8xClx5x5Y2jDyn_csijm_plBDluo0znm8OufaVjd4o9UZLiTSPWbxX7k-M2bGTvg0Gf0Zxv9NUIpzwQZ37hPGYtuxr0Jl3m3Y3RHScR4VuTSXPMdfkteEsRCMrH8jzKEpjSSJsIu6F7LyNNcviHEFRmbSDOkPcE-6VTMvzfVGR1ldWFUBnRuhn9cC0fWbL_K4HqRMCd6RIHKsMzz1u6bVF92lE_VwIEekqBaivWjHSC42owb5g.H7Uklavl1PpEeHCIn4V2NNSsl4IKBi4gGO-Ru4AwLtI&dib_tag=se&keywords=cetaphil+serums&nsdOptOutParam=true&qid=1731248157&sprefix=cetaphil+serums+%2Caps%2C268&sr=8-1-spons&sp_csd=d2lkZ2V0TmFtZT1zcF9hdGY&psc=1,Cetaphil Bright Healthy Radiance Brightening Glow Serum ,Serum,Cetaphil,"Brightens Skin, Reduces Dark Spots",Rs 2000,1,0,0,1,1
89,https://www.amazon.in/Cetaphil-Activation-Lightweight-Dermatologist-Recommended/dp/B0C532BV2V/ref=sr_1_2_sspa?crid=QHTE63KFAFBK&dib=eyJ2IjoiMSJ9.3UkQuLzNB9BinViMkqFbUM5IzG0qmZFCVUB4xip0IjKu5hIiwFWA4xYVq8xClx5x5Y2jDyn_csijm_plBDluo0znm8OufaVjd4o9UZLiTSPWbxX7k-M2bGTvg0Gf0Zxv9NUIpzwQZ37hPGYtuxr0Jl3m3Y3RHScR4VuTSXPMdfkteEsRCMrH8jzKEpjSSJsIu6F7LyNNcviHEFRmbSDOkPcE-6VTMvzfVGR1ldWFUBnRuhn9cC0fWbL_K4HqRMCd6RIHKsMzz1u6bVF92lE_VwIEekqBaivWjHSC42owb5g.H7Uklavl1PpEeHCIn4V2NNSsl4IKBi4gGO-Ru4AwLtI&dib_tag=se&keywords=cetaphil+serums&nsdOptOutParam=true&qid=1731248157&sprefix=cetaphil+serums+%2Caps%2C268&sr=8-2-spons&sp_csd=d2lkZ2V0TmFtZT1zcF9hdGY&psc=1,Cetaphil Optimal Hydration Lightweight Serum,Serum,Cetaphil,Hydrates Skin,Rs 652,1,0,0,1,0
90,https://www.amazon.in/Cetaphil-Very-High-Protection-Light/dp/B07G7L7SQP/ref=sr_1_1_sspa?adgrpid=57841881046&dib=eyJ2IjoiMSJ9.njPUgxBwAONQeBBP2t2NaPbXOHdGX06efUBfz1xfAliE2VzdsOGBnaoMpWNzZWH3xNbDm_cjq_khPLR4_VMC8A-o2bS6OPitHb19szmEJbhVmkK4tMLVOUYPmM9q3D3O8vpHUrN4FAjspO1NijVBfwSZ-Lf4BBckQ07BVgx7Uy3bbNW_zMR40i9-CbseyklTJmdBdgcJgfyeWn5q87-l-ono-IcxyPHVwvSyHlvrepffh91XdqqkultcOcOSXBpsPWtoJPkH_iHTMATGdfFBIz72y4YbxmvM2d9buSBYMx0.9UnbKqR7_FWYkGIiMT7pCjdIHoSMCefrxqJyAPSxWLg&dib_tag=se&ext_vrnc=hi&hvadid=379935730054&hvdev=c&hvlocphy=9301573&hvnetw=g&hvqmt=e&hvrand=6558934889923984367&hvtargid=kwd-299283838538&hydadcr=14140_1978050&keywords=cetaphil+sunscreen&nsdOptOutParam=true&qid=1731255130&sr=8-1-spons&sp_csd=d2lkZ2V0TmFtZT1zcF9hdGY&psc=1,Cetaphil Combination Skin Sunscreen,Sunscreen,Cetaphil,"Gel Texture, SPF 50+",Rs 1016,1,1,1,1,1
91,https://www.amazon.in/ORDINARY-Niacinamide-10-Zinc-1/dp/B07D6BC4PZ/ref=sr_1_5?crid=3S3MD0NCQDRLQ&dib=eyJ2IjoiMSJ9.Jiyjic-Ry6PzheXULnqqubwz11bpU2EAv7A9JFLMWLLrUb6ABAptpxECn6IsDFjTfWhYJCno64FCbGPU_Ms8zh2pZfE3N0r6WiClWjUMu5Q9jlfTJKMM2n-I87wPzbuZdD8X6-21YoFOM3gWlD71MeM00SMrwepOB9NC6sQ4ReX3PzRdKhw23JZnL3QD423JrKn9HY_6K66r6kvFCPgrpGWJGlMrAt4RcaRIROQxJ9BzVpPrHhwsVchuLTc4XgZlBCWZ9NlvQsAnFvDITKGs4zyWbmXsCS-oROwIrpJo1ew.7GT-u_NHAn4YFgzuHULJxEZsvfwB3PBZpZ58Zrc29LI&dib_tag=se&keywords=the+ordinary+serums&nsdOptOutParam=true&qid=1731255710&sprefix=the+ordinary+serums%2Caps%2C333&sr=8-5,"The Ordinary Niacinamide 10% + Zinc 1%, 30 Ml, Cream",Serum,The Ordinary.,"Brightens Skin, Smooth Skin",Rs 999,1,1,1,1,1
92,https://www.amazon.in/Ordinary-Alpha-Arbutin-reduce-Pigmentation/dp/B07DBLG6B9/ref=sr_1_11?crid=3S3MD0NCQDRLQ&dib=eyJ2IjoiMSJ9.Jiyjic-Ry6PzheXULnqqubwz11bpU2EAv7A9JFLMWLLrUb6ABAptpxECn6IsDFjTfWhYJCno64FCbGPU_Ms8zh2pZfE3N0r6WiClWjUMu5Q9jlfTJKMM2n-I87wPzbuZdD8X6-21YoFOM3gWlD71MeM00SMrwepOB9NC6sQ4ReX3PzRdKhw23JZnL3QD423JrKn9HY_6K66r6kvFCPgrpGWJGlMrAt4RcaRIROQxJ9BzVpPrHhwsVchuLTc4XgZlBCWZ9NlvQsAnFvDITKGs4zyWbmXsCS-oROwIrpJo1ew.7GT-u_NHAn4YFgzuHULJxEZsvfwB3PBZpZ58Zrc29LI&dib_tag=se&keywords=the+ordinary+serums&nsdOptOutParam=true&qid=1731255710&sprefix=the+ordinary+serums%2Caps%2C333&sr=8-11,The Ordinary Alpha Arbutin 2% + HA Serum,Serum,The Ordinary.,"Brightens Skin, Reduces Dark Spots",Rs 2299,0,1,0,1,1
93,https://www.amazon.in/Ordinary-Matrixyl-10-HA-30ml/dp/B071J1PBQ6/ref=sr_1_13?crid=3S3MD0NCQDRLQ&dib=eyJ2IjoiMSJ9.Jiyjic-Ry6PzheXULnqqubwz11bpU2EAv7A9JFLMWLLrUb6ABAptpxECn6IsDFjTfWhYJCno64FCbGPU_Ms8zh2pZfE3N0r6WiClWjUMu5Q9jlfTJKMM2n-I87wPzbuZdD8X6-21YoFOM3gWlD71MeM00SMrwepOB9NC6sQ4ReX3PzRdKhw23JZnL3QD423JrKn9HY_6K66r6kvFCPgrpGWJGlMrAt4RcaRIROQxJ9BzVpPrHhwsVchuLTc4XgZlBCWZ9NlvQsAnFvDITKGs4zyWbmXsCS-oROwIrpJo1ew.7GT-u_NHAn4YFgzuHULJxEZsvfwB3PBZpZ58Zrc29LI&dib_tag=se&keywords=the+ordinary+serums&nsdOptOutParam=true&qid=1731255710&sprefix=the+ordinary+serums%2Caps%2C333&sr=8-13,The Ordinary Matrixyl 10% + HA Serum,Serum,The Ordinary.,"Even Tone Skin, Reduces Wrinkles",Rs 2250,1,1,1,1,1
94,https://www.amazon.in/ORDINARY-Niacinamide-irritation-blemish-formula/dp/B07DP5QV9H/ref=sr_1_7?crid=3S3MD0NCQDRLQ&dib=eyJ2IjoiMSJ9.Jiyjic-Ry6PzheXULnqqubwz11bpU2EAv7A9JFLMWLLrUb6ABAptpxECn6IsDFjTfWhYJCno64FCbGPU_Ms8zh2pZfE3N0r6WiClWjUMu5Q9jlfTJKMM2n-I87wPzbuZdD8X6-21YoFOM3gWlD71MeM00SMrwepOB9NC6sQ4ReX3PzRdKhw23JZnL3QD423JrKn9HY_6K66r6kvFCPgrpGWJGlMrAt4RcaRIROQxJ9BzVpPrHhwsVchuLTc4XgZlBCWZ9NlvQsAnFvDITKGs4zyWbmXsCS-oROwIrpJo1ew.7GT-u_NHAn4YFgzuHULJxEZsvfwB3PBZpZ58Zrc29LI&dib_tag=se&keywords=the+ordinary+serums&nsdOptOutParam=true&qid=1731255710&sprefix=the+ordinary+serums%2Caps%2C333&sr=8-7,The Ordinary Niacinamide Zinc Educes Skin Irritation Blemish Formula,Serum,The Ordinary.,"Even Tone Skin, Reduces Dark Spots",Rs 600,1,1,1,1,1
95,https://www.amazon.in/Ordinary-Buffet-Multi-Technology-Peptide/dp/B07DP76XPL/ref=sr_1_19?crid=3S3MD0NCQDRLQ&dib=eyJ2IjoiMSJ9.Jiyjic-Ry6PzheXULnqqubwz11bpU2EAv7A9JFLMWLLrUb6ABAptpxECn6IsDFjTfWhYJCno64FCbGPU_Ms8zh2pZfE3N0r6WiClWjUMu5Q9jlfTJKMM2n-I87wPzbuZdD8X6-21YoFOM3gWlD71MeM00SMrwepOB9NC6sQ4ReX3PzRdKhw23JZnL3QD423JrKn9HY_6K66r6kvFCPgrpGWJGlMrAt4RcaRIROQxJ9BzVpPrHhwsVchuLTc4XgZlBCWZ9NlvQsAnFvDITKGs4zyWbmXsCS-oROwIrpJo1ew.7GT-u_NHAn4YFgzuHULJxEZsvfwB3PBZpZ58Zrc29LI&dib_tag=se&keywords=the+ordinary+serums&nsdOptOutParam=true&qid=1731255710&sprefix=the+ordinary+serums%2Caps%2C333&sr=8-19,The Ordinary Buffet Multi Technology Peptide Serum,Serum,The Ordinary.,"Smooth Skin, Hydrates Skin",Rs 2499,1,1,1,1,1
96,https://www.nykaa.com/the-ordinary-natural-moisturizing-factors-phytoceramides/p/10947385?productId=10947385&pps=3,The Ordinary Natural Moisturizing Factors + PhytoCeramides,Moisturizer,The Ordinary.,"Even Tone Skin, Hydrates Skiin",Rs 2400,1,1,1,1,1
97,https://nykaa.com/the-ordinary-natural-moisturizing-factors-ha/p/5003148?productId=5003148&pps=1,The Ordinary Natural Moisturizing Factors + HA,Moisturizer,The Ordinary.,Hydrates Skin,Rs 700,1,1,0,1,1
98,https://www.nykaa.com/the-ordinary-natural-moisturizing-factors-beta-glucan/p/10241637?productId=10241637&pps=2,The Ordinary  Natural Moisturizing Factors + Beta Glucan,Moisturizer,The Ordinary.,"Even Tone Skin, Hydrates Skiin",Rs 1450,1,1,1,1,1
99,https://www.nykaa.com/the-ordinary-squalane-cleanser/p/5003140?productId=5003140&pps=1,The Ordinary Squalane Cleanser,Face Wash,The Ordinary.,Cleanses Skin,Rs 1050,1,1,1,1,1
100,https://www.nykaa.com/the-ordinary-glucoside-foaming-cleanser/p/9783926?productId=9783926&pps=2,The Ordinary Glucoside Foaming Cleanser,Face Wash,The Ordinary.,"Gel Texture, Cleanses Skin",Rs 1400,1,0,0,1,1
101,https://www.nykaa.com/the-ordinary-glycolipid-cream-cleanser/p/10947384?productId=10947384&pps=6,The Ordinary Glycolipid Cream Cleanser,Face Wash,The Ordinary.,Cleanses Skin,Rs 1250,1,1,1,1,1
102,https://www.nykaa.com/the-ordinary-glycolic-acid-7percent-exfoliating-solution/p/13025179?productId=13025179&pps=1&skuId=5003168,The Ordinary Glycolic Acid 7% Toning Solution,Toner,The Ordinary.,"Smooth Skin, Even Tone",Rs 1275,1,1,1,1,1
103,https://thedermaco.com/product/1-salicylic-acid-gel-face-wash-the-dermaco-100ml,The derma co 1% Salicylic Acid Gel Face Wash with Salicylic Acid & Witch Hazel ,Face Wash,The derma co,"Reduces Acne, Cleanses Skin",Rs 257,1,1,1,1,1
104,https://thedermaco.com/product/2-cica-glow-daily-face-wash-with-tranexamic-acid-licorice-extract-100ml,The derma co 2% Cica-Glow Daily Face Wash with Tranexamic Acid & Licorice Extract ,Face Wash,The derma co,"Glowing Skin, Even Skin Tone",Rs 300,1,0,1,1,0
105,https://thedermaco.com/product/aha-bha-foaming-face-wash,The derma co 3% AHA+BHA Foaming Daily Face Wash ,Face Wash,The derma co,"Controls Acne, Cleanses Skin",Rs 303,1,1,1,1,1
106,https://thedermaco.com/product/2-salicylic-acid-gel-face-wash-the-dermaco-100ml,The derma co 2% Salicylic Acid Gel Face Wash with Salicylic Acid & Witch Hazel ,Face Wash,The derma co,"Reduces Acne, Controls Oil",Rs 263,1,1,1,1,1
107,https://thedermaco.com/product/pore-minimizing-clay-daily-face-wash-with-1-niacinamide-2-pha-100-ml,The derma co Pore Minimizing Clay Daily Face Wash with 1% Niacinamide & 2% PHA ,Face Wash,The derma co,"Minimizes Pores, Controls Oil",Rs 300,1,1,1,1,1
108,https://thedermaco.com/product/oil-free-daily-face-wash-with-hyaluronic-acid-glycolic-acid-multivitamins-for-clear-hydrated-skin-100ml,"The derma co Oil-Free Daily Face Wash With Hyaluronic Acid, Glycolic Acid & Multivitamins ",Face Wash,The derma co,"Brightens Skin, Cleanses Skin, Controls Oil",Rs 236,1,1,1,1,1
109,https://thedermaco.com/product/sali-cinamide-anti-acne-face-wash-with-2-salicylic-acid-2-niacinamide-100ml,The derma co 2% Sali-Cinamide Anti-Acne Face Wash with 2% Salicylic Acid & 2% Niacinamide ,Face Wash,The derma co,"Reduces Acne, Reduces Acne Marks, Controls Oil",Rs 216,0,1,1,0,0
110,https://thedermaco.com/product/tran-zelaic-pigmentation-corrector-face-wash-with-tranexamic-acid-azelaic-acid-80-g,The derma co Tran-Zelaic Pigmentation Corrector Face Wash with Tranexamic Acid & Azelaic Acid  ,Face Wash,The derma co,"Cleanses Skin, Even Skin Tone",Rs 219,1,1,1,1,1
111,https://thedermaco.com/product/snail-peptide-96-hydrating-face-wash-with-snail-mucin-peptide-complex-for-deep-hydration-80-ml,The derma co Snail Peptide 96 Hydrating Face Wash with Snail Mucin & Peptide Complex,Face Wash,The derma co,"Hydrates Skin, Cleanses Skin",Rs 263,1,1,1,1,1
112,https://thedermaco.com/product/3-niacinamide-foaming-face-wash,The derma co 3% Niacinamide Foaming Face Wash,Face Wash,The derma co,"Reduces Acne Marks, Cleanses Skin",Rs 300,1,1,1,1,1
113,https://thedermaco.com/product/nia-ceramide-barrier-repair-face-wash-80ml,The derma co Nia-Ceramide Barrier Repair Face Wash with 2% Niacinamide and 1% Ceramide,Face Wash,The derma co,"Cleanses Skin, Smooth Skin",Rs 219,1,1,1,1,1
114,https://thedermaco.com/product/1-salicylic-acid-foaming-daily-face-wash-with-salicylic-acid-zinc-pca-pha-100-ml,"The derma co 1% Salicylic Acid Foaming Daily Face Wash with Salicylic Acid, Zinc PCA & PHA",Face Wash,The derma co,"Reduces Acne, Minimizes Pores",Rs 300,0,1,0,0,0
115,https://thedermaco.com/product/1-kojic-acid-face-wash-with-niacinamide-alpha-arbutin-for-dark-spots-pigmentation-100ml,The derma co 1% Kojic Acid Face Wash with Niacinamide & Alpha Arbutin,Face Wash,The derma co,"Even Skin Tone, Reduces Dark Spots",Rs 260,1,1,1,1,1
116,https://thedermaco.com/product/skin-renew-peptide-anti-pollution-face-wash-with-peptides-niacinamide-100-ml,The derma co X Dr V Skin Renew Peptide Anti-Pollution Face Wash,Face Wash,The derma co,"Cleanses Skin, Brightens Skin",Rs 426,1,1,1,1,1
117,https://thedermaco.com/product/7-glycolic-acid-hydrating-toner-with-glycolic-acid-hyaluronic-acid-for-gentle-exfoliation-150-ml,The derma co 7% Glycolic Acid Hydrating Toner with Glycolic Acid & Hyaluronic Acid,Toner,The derma co,"Cleanses Skin, Hydrates Skin",Rs 414,1,1,1,1,1
118,https://thedermaco.com/product/skin-renew-peptide-hydrating-toner-with-peptide-hyaluronic-acid-100-ml,The derma co X Dr V Skin Renew Peptide Hydrating Toner,Toner,The derma co,"Minimizes Pores, Hydrates Skin",Rs 569,1,1,1,1,1
119,https://thedermaco.com/product/2-salicylic-acid-serum,The derma co 2% Salicylic Acid Serum,Serum,The derma co,"Minimizes Pores, Reduces Acne",Rs 449,1,1,1,1,1
120,https://thedermaco.com/product/5-niacinamide-daily-face-serum-with-alpha-arbutin-multivitamin-30ml,The derma co 5% Niacinamide Daily Face Serum with Alpha Arbutin & Multivitamin,Serum,The derma co,"Brightens Skin, Smooth Skin",Rs 449,1,0,1,1,0
121,https://thedermaco.com/product/0-3-retinol-serum,The derma co 0.3% Retinol Serum,Serum,The derma co,Reduces Wrinkles,Rs 719,1,1,1,1,1
122,https://thedermaco.com/product/10-percent-niacinamide-serum,The derma co 10% Niacinamide Serum,Serum,The derma co,"Reduces Acne Marks, Reduces Dark Spots", Rs 539,1,1,1,1,1
123,https://thedermaco.com/product/2-alpha-arbutin-face-serum,The derma co 2% Alpha Arbutin Face Serum,Serum,The derma co,"Even Skin Tone, Reduces Dark Spots",Rs 449,1,1,1,1,1
124,https://thedermaco.com/product/5-vitamin-c-daily-face-serum-with-ferulic-acid-multivitamin-30ml,The derma co 5% Vitamin C Daily Face Serum with Ferulic Acid & Multivitamin,Serum,The derma co,"Brightens Skin, Smooth Skin",Rs 494,1,1,1,1,1
125,https://thedermaco.com/product/c-cinamide-radiance-serum-with-10-vitamin-c-5-niacinamide-30ml,The derma co C-Cinamide Radiance Serum With 10% Vitamin C & 5% Niacinamide,Serum,The derma co,"Glowing Skin, Reduces Dark Spots",Rs 584,1,1,1,1,1
126,https://thedermaco.com/product/10-cica-glow-face-serum-with-tranexamic-acid-kojic-acid-30ml,The derma co 10% Cica-Glow Face Serum with Tranexamic Acid & Kojic Acid,Serum,The derma co,"Even Skin Tone, Glowing Skin",Rs 539,1,0,1,1,0
127,https://thedermaco.com/product/pore-minimizing-face-serum-with-4-niacinamide-5-pha-and-p-refinylr-30-ml,"The derma co Pore Minimizing Face Serum with 4% Niacinamide, 5% PHA and p-REFINYL",Serum,The derma co,"Minimizes Pores, Controls Oil",Rs 539,1,1,1,1,1
128,https://thedermaco.com/product/peptide-serum-with-snail-mucin-80ml,The derma co Snail Peptide 96 Hydrating Serum with Snail Mucin & Peptide Complex for Smooth & Moisturized Skin,Serum,The derma co,"Glowing Skin, Brightens Skin",Rs 674,1,1,1,1,1
129,https://thedermaco.com/product/10-vitamin-c-face-serum-with-niacinamide-hyaluronic-acid-for-skin-radiance-30ml,The derma co 10% Vitamin C Face Serum with 5% Niacinamide & Hyaluronic Acid,Serum,The derma co,"Minimizes Pores, Hydrates Skin",Rs 584,1,1,1,1,1
130,https://thedermaco.com/product/2-glutathione-face-serum-with-glutathione-and-tranexamic-acid-30-ml,The derma co 2% Glutathione Face Serum With Glutathione and Tranexamic Acid,Serum,The derma co,Brightens Skin,Rs 629,1,1,1,1,1
131,https://thedermaco.com/product/20-percent-vitamin-c-serum,The derma co 20% Vitamin C Face Serum,Serum,The derma co,"Brigntens Skin, Glowing Skin",Rs 809,1,1,1,1,1
132,https://thedermaco.com/product/2-kojic-acid-face-serum-with-1-alpha-arbutin-niacinamide-30-ml,The derma co 2% Kojic Acid Face Serum with 1% Alpha Arbutin & Niacinamide,Serum,The derma co,"Brightens Skin, Reduces Dark Spots",Rs 449,1,1,1,1,1
133,https://thedermaco.com/product/sali-cinamide-anti-acne-serum-with-2-salicylic-acid-5-niacinamide-30ml,The derma co Sali-Cinamide Anti-Acne Serum with 2% Salicylic Acid & 5% Niacinamide,Serum,The derma co,"Reduces Acne, Reduces Acne Marks",Rs 539,1,1,1,1,1
134,https://thedermaco.com/product/15-vitamin-c-face-serum-30ml,The derma co 15% Vitamin C Face Serum,Serum,The derma co,"Brigntens Skin, Smooth Skin, Minimizes Pores",Rs 719,1,1,1,1,1
135,https://thedermaco.com/product/1-salicylic-acid-oil-free-moisturizer-for-face-with-oat-extract-50g,The derma co 1% Salicylic Acid Oil-Free Moisturizer For Face with Oat Extract ,Moisturizer,The derma co,"Reduces Acne, Hydrates Skin",Rs 307,1,1,1,1,1
136,https://thedermaco.com/product/4-ceramide-barrier-repair-moisturizer-with-ceramide-niacinamide-and-oxylance-50-gm,"The derma co 4% Ceramide Barrier Repair Moisturizer with Ceramide, Niacinamide, and Oxylance",Moisturizer,The derma co,"Brightens Skin, Glowing Skin",Rs 303,1,1,1,1,1
137,https://thedermaco.com/product/5-propylene-oil-free-moisturizer-with-propylene-glycol-hyaluronic-acid-100-g,The derma co 5% Propylene Oil-Free Moisturizer with Propylene Glycol & Hyaluronic Acid,Moisturizer,The derma co,Hydrates Skin,Rs 286,1,1,1,1,1
138,https://thedermaco.com/product/5-nia-ceramide-mattifying-moisturizer-100g,The derma co 5% Nia-Ceramide Mattifying Moisturizer with 5% Niacinamide & 2% Ceramide,Moisturizer,The derma co,"Hydrates Skin, Controls Skin",Rs 395,1,1,1,1,1
139,https://thedermaco.com/product/5-nia-ceramide-daily-hydrating-moisturizer-100g,The derma co 5% Nia-Ceramide Daily Hydrating Moisturizer with 5% Niacinamide & 2% Ceramide,Moisturizer,The derma co,"Hydrates Skin, Glowing Skin",Rs 395,1,1,1,1,1
140,https://thedermaco.com/product/5-cica-glow-daily-face-moisturizer-with-alpha-arbutin-tranexamic-acid-50-g,The derma co 5% Cica-Glow Daily Face Moisturizer with Alpha Arbutin & Tranexamic Acid,Moisturizer,The derma co,"Even Skin Tone, Glowing Skin",Rs 307,1,0,1,1,0
141,https://thedermaco.com/product/ceramide-ha-intense-moisturizer,The derma co Ceramide + HA Intense Daily Face Moisturizer,Moisturizer,The derma co,"Hydrates Skin, Glowing Skin",Rs 307,0,1,0,1,1
142,https://thedermaco.com/product/5-vitamin-c-oil-free-daily-face-moisturizer-for-skin-radiance-100g,The derma co 5% Vitamin C Oil-Free Daily Face Moisturizer for Skin Radiance,Moisturizer,The derma co,Brigghtens Skin,Rs 307,0,1,1,0,1
143,https://thedermaco.com/product/3-vitamin-e-face-moisturizer,The derma co 3% Vitamin E Face Moisturizer With Vitamin E & Lactic Acid,Moisturizer,The derma co,"Hydrates Skin, Brightens Skin",Rs 307,1,1,1,1,1
144,https://thedermaco.com/product/skin-renew-barrier-repair-peptide-moisturizer-with-peptide-vitamin-c-50-ml,The derma co The Derma Co. X Dr V Skin Renew Barrier Repair Peptide Moisturizer with Peptide & Vitamin C,Moisturizer,The derma co,"Non-Sticky, Hydrates Skin",Rs 474,1,1,1,1,1
145,https://thedermaco.com/product/5-vitamin-c-oil-free-daily-face-moisturizer-100g-pack-of-2,The derma co 5% Vitamin C Oil-Free Daily Face Moisturizer,Moisturizer,The derma co,"Glowing Skin, BrightensSkin",Rs 530,0,1,1,0,1
146,https://thedermaco.com/product/pore-minimizing-daily-face-moisturizer-with-3-niacinamide-3-pha-and-p-refinylr-50-g,The Derma co Pore Minimizing Daily Face Moisturizer with 3% Niacinamide 3% PHA and p-REFINYL,Moisturizer,The derma co,"Minimizes Pores, Glowing Skin",Rs 307,1,1,1,1,1
147,https://thedermaco.com/product/oil-free-daily-face-moisturizer-with-hyaluronic-acid-ceramides-multivitamins-for-non-greasy-hydrated-skin-100g,"the Derma co Oil-Free Daily Face Moisturizer With Hyaluronic Acid, Ceramides & Multivitamins for Non-Greasy & Hydrated Skin",Moisturizer,The derma co,"Non-Sticky, Hydrates Skin",Rs 307,1,1,1,1,1
148,https://thedermaco.com/product/4-urea-deep-moisturizing-cream-with-urea-lactic-acid-and-ceramide-complex-100-gm,"the Derma co 4% Urea Deep Moisturizing Cream with Urea, Lactic Acid, and Ceramide Complex",Moisturizer,The derma co,"Non-Sticky, Hydrates Skin",Rs 240,1,1,1,1,1
149,https://thedermaco.com/product/snail-peptide-96-advanced-moisturizing-cream-100g,the Derma co Snail Peptide 96 Advanced Moisturizing Cream for Soft & Healthy Skin,Moisturizer,The derma co,"Hydrates Skin, Glowing Skin",Rs 404,1,1,1,1,1
150,https://thedermaco.com/product/25-vitamin-c-matte-face-moisturizer-with-ferulic-acid-spf-20-30-g,the Derma co 25% Vitamin C Matte Face Moisturizer With Ferulic Acid & SPF 20,Moisturizer,The derma co,"Glowing Skin, Smooth Skin",Rs 699,1,1,1,1,1
151,https://thedermaco.com/product/squalene-zinc-oil-free-moisturizer,the Derma co Squalane + Zinc Oil Free Daily Face Moisturizer,Moisturizer,The derma co,"Hydrates Skin, Control Skin",Rs 349,1,1,1,1,1
152,https://thedermaco.com/product/vitamin-e-sunscreen-for-long-lasting-effect-50g,the Derma co 1% Hyaluronic Long Lasting Sunscreen with Hyaluronic Acid & Vitamin E for Upto 6-Hour Sun Protection,Sunscreen,The derma co,"SPF 50 PA++++, Hydrates Skin",Rs 558,1,1,1,1,1
153,https://thedermaco.com/product/ultra-matte-sunscreen-gel,the Derma co Ultra Matte Sunscreen Gel,Sunscreen,The derma co,"SPF 60 PA+++, Hydrates Skin, Removes Tan",Rs 601,0,1,1,0,1
154,https://thedermaco.com/product/mattifying-100-mineral-powder-sunscreen-with-spf-50-for-on-the-go-broad-spectrum-protection-4g,the Derma co Mattifying 100% Mineral Powder Sunscreen with  On The Go Broad Spectrum Protection,Sunscreen,The derma co,"SPF 50 PA++++, Non -Sticky",Rs 601,1,1,1,1,1
155,https://thedermaco.com/product/1-hyaluronic-sunscreen-aqua-gel-with-spf-50-pa-80g,the Derma co 1% Hyaluronic Sunscreen Aqua Gel ,Sunscreen,The derma co,"SPF 50 PA++++, Brightens Skin",Rs 558,0,1,1,0,1
156,https://thedermaco.com/product/pore-minimizing-priming-sunscreen-with-spf-50-pa-for-open-pores-uva-uvb-protection-50g,the Derma co Pore Minimizing Priming Sunscreen ,Sunscreen,The derma co,"SPF 50 PA+++, Removes Tan",Rs 343,0,1,1,0,0
157,https://thedermaco.com/product/c-cinamide-radiance-sunscreen-aqua-gel-with-spf-50-pa-50g,the Derma co C-Cinamide Radiance Sunscreen Aqua Gel,Sunscreen,The derma co,"SPF 50 PA++++, Glowing Skin",Rs 439,0,1,1,0,0
158,https://thedermaco.com/product/1-hyaluronic-quick-absorbing-sunscreen-spray-with-hyaluronic-acid-vitamin-e-100-ml,the Derma co 1% Hyaluronic Quick-Absorbing Sunscreen Spray with Hyaluronic Acid & Vitamin E,Sunscreen,The derma co,"SPF 50 PA++++, Non-Sticky",RS 601,1,1,1,1,1
159,https://thedermaco.com/product/1-hyaluronic-tinted-sunscreen-gel-for-broad-spectrum-protection-50g,the Derma co 1% Hyaluronic Tinted Sunscreen Gel for Broad Spectrum Protection,Sunscreen,The derma co,"SPF 60 PA++++, Non -Sticky",Rs 601,1,1,1,0,1
160,https://thedermaco.com/product/hyaluronic-invisible-sunscreen-gel-with-hyaluronic-acid-vitamin-e-50g,the Derma co Hyaluronic Invisible Sunscreen Gel with Hyaluronic Acid & Vitamin E,Sunscreen,The derma co,"SPF 50 PA+++, Removes Tan",Rs 515,1,1,1,1,1
161,https://thedermaco.com/product/ultra-light-zinc-mineral-sunscreen-with-spf-50-for-broad-spectrum-uva-uvb-blue-light-protection-50g,the Derma co Ultra Light Zinc Mineral Sunscreen ,Sunscreen,The derma co,"SPF 50 PA+++, Removes Tan",Rs 601,1,1,1,1,1
162,https://www.dotandkey.com/products/cica-calming-blemish-clearing-face-wash,Dot and Key Cica + Salicylic Gel Face Wash for Oily Skin,Face Wash,Dot and Key,"Minimizes Pores, Hydrates Skin",Rs 299,0,1,1,0,1
163,https://www.dotandkey.com/products/dot-key-barrier-repair-gentle-hydrating-face-wash-with-5-essential-ceramides-hyaluronic-ph-5-5-fragrance-sulphate-free-for-sensitive-dry-skin,Dot and Key Barrier Repair Gentle Hydrates,Face Wash,Dot and Key,"Hydrates Skin, Glowing Skin",Rs 299,1,1,1,1,1
164,https://www.dotandkey.com/products/vitamin-c-e-gel-facewash,Dot and Key Vitamin C + E Face Wash,Face Wash,Dot and Key,"Brightens Skin, Even Skin Tone",Rs 299,0,1,1,1,1
165,https://www.dotandkey.com/products/mango-face-wash,Dot and Key Mango Detan Gel Face Wash,Face Wash,Dot and Key,"Minimizes Pores, Removes Tan",Rs 212,1,1,1,1,1
166,https://www.dotandkey.com/products/vitamin-c-super-bright-foaming-face-wash,Dot and Key Vitamin c Foaming Face Wash,Face Wash,Dot and Key,"Hydrates Skin, Brightens Skin",Rs 236,1,1,1,1,1
167,https://www.dotandkey.com/products/deep-pore-clean-milky-foam-cleanser-120ml,Dot and Key Deep Pore Clean Foaming Face Wash,Face Wash,Dot and Key,"Hydrates Skin, Brightens Skin, Minimizes Pores",Rs 212,1,1,1,1,1
168,https://www.dotandkey.com/products/watermelon-vitamin-c-face-wash-gel-1,Dot and Key Watermelon + Vitamin C Face Wash,Face Wash,Dot and Key,"Controls Acne, Cleanses Skin",Rs 212,0,1,1,0,1
169,https://www.dotandkey.com/products/lime-rush-sports-facewash,Dot and Key Lime Rush Sports Face Wash,Face Wash,Dot and Key,"Hydrates Skin, Cleanses Skin",Rs 212,0,1,1,1,1
170,https://www.dotandkey.com/products/barrier-repair-healthy-skin-routine,Dot and Key Barrier Repair Ghealthy Skin Rountine,Face Wash,Dot and Key,"Hydrates Skin, Cleanses Skin",Rs 1140,1,1,1,0,1
171,https://www.dotandkey.com/products/watermelon-superglow-pore-tightening-toner,Dot and Key Wtermelon + Glycolic Toner for Pore Tightening,Toner,Dot and Key,"Controls Oil, Minimizes Pores",Rs 316,0,1,1,0,1
172,https://www.dotandkey.com/products/rice-water-probiotics-hydrating-toner-alcohol-free-new,Dot and Key Japanese Rice Water Toner With Hyaluronic,Toner,Dot and Key,"Hydrates Skin, Cleanes Skin",Rs 316,1,1,1,1,1
173,https://www.dotandkey.com/products/cica-calming-skin-clarifying-toner,Dot and Key Cica + Niacinamide Toner ,Toner,Dot and Key,"Controls Oil, Minimizes Pores",Rs 316,0,1,1,0,1
174,https://www.dotandkey.com/products/hydrating-hyaluronic-face-serum,Dot and Key Hyaluronic and Ceramides Hydrating Serum,Serum,Dot and Key,"Hydrates Skin, Brightens Skin",Rs 532,1,1,1,1,1
175,https://www.dotandkey.com/products/dot-key-10-vitamin-c-e-5-niacinamide-serum-for-glowing-skin-beginner-friendly,Dot and Key 10% Vitamin C + E Face Serum With 5% Niacinamide,Serum,Dot and Key,"Removes Tan, Brightens Skin",Rs 556,1,1,1,1,1
176,https://www.dotandkey.com/products/dot-key-cica-2-salicylic-acne-control-serum-with-zinc-for-clear-skin-reduces-blackheads-whiteheads-oily-acne-prone-skin,Dot and Key Cica + 2% Salicylic Serum ,Serum,Dot and Key,"Controls Oil, Reduces Acne",Rs 440,1,1,1,0,0
177,https://www.dotandkey.com/products/watermelon-10-glycolic-super-glow-serum-for-smooth-luminous-glowing-skin-controls-pigmentation-excess-oil-oily-dull-skin,Dot and Key Watermelon and 10% Glycolic Serum,Serum,Dot and Key,"Controls Oil, Even Skin Tone",Rs 479,0,1,1,0,1
178,https://www.dotandkey.com/products/dot-key-cica-10-niacinamide-serum-for-blemish-free-spotless-glowing-skin-3-tranexamic-reduces-acne-dark-spots-oily-acne-prone-sensitive-skin,Dot and Key Cica + 10% Niacinamide Face Serum ,Serum,Dot and Key,"Reduces Acne, Reduces Acne Marks, Controls Oil",Rs 479,1,1,1,1,1
179,https://www.dotandkey.com/products/vitamin-c-e-super-bright-moisturizer,Dot and Key Vitamin C + E Moisturizer for Glowing Skin,Moisturizer,Dot and Key,"Removes Tan, Reduces Dark Spots",Rs 396,0,1,1,0,1
180,https://www.dotandkey.com/products/dot-key-ceramides-hyaluronic-hydrating-face-cream-i-repairs-skin-barrier-intense-moisturization-sensitive-dry-skin-fragrance-free,Dot and Key Barrier Repair Moisturizer With Ceramide + Hyaluronic,Moisturizer,Dot and Key,"Hydrates Skin, Glowing Skin",Rs 479,1,1,0,1,1
181,https://www.dotandkey.com/products/hydrating-gel-probiotics-72-hr,Dot and Key 72HR Hydrating LightWeight Gel Moisturizer,Moisturizer,Dot and Key,"Hydrates Skin, Glowing Skin",Rs 396,0,1,1,0,0
182,https://www.dotandkey.com/products/strawberry-moisturizer,Dot and Key Strawberry + Niacinamide Brightening Moisturizer,Moisturizer,Dot and Key,"Reduces Dark Spots, Glowing Skin",Rs 319,1,1,1,1,1
183,https://www.dotandkey.com/products/strobe-creams-highlighter-moisturizer,Dot and Key Strobe Creams - Highlighter + Moisturizer,Moisturizer,Dot and Key,"Brightens Skin, Even Skin Tone",Rs 293,1,1,1,1,1
184,https://www.dotandkey.com/products/cica-5-niacinamide-oil-free-moisturizer-for-dark-spots-acne-fragrance-free-oily-sensitive-acne-prone-skin,Dot and Key Cica Calming Oil Free Moisturizer ,Moisturizer,Dot and Key,"Reduces Acne Marks, Reduces Dark Spots",Rs 396,0,1,1,0,0
185,https://www.dotandkey.com/products/watermelon-superglow-matte-moisturizer,Dot and Key Watermelon + Glycolic Matte Moisturizer,Moisturizer,Dot and Key,"Controls Oil, Brightens Skin",Rs 399,0,1,1,0,0
186,https://www.dotandkey.com/products/pomegranate-miracle-vitamin-e-revitalizing-moisturizer-spf-30,Dot and Key Pomegranate + Multi-Peptide Anti Ageing Moisturizer ,Moisturizer,Dot and Key,"SPF 30, Brightens Skin",Rs 396,0,1,1,0,1
187,https://www.dotandkey.com/products/dot-key-vitamin-c-e-spf-50-pa-face-sunscreen-for-glowing-skin-uv-protection-for-dull-skin,Dot and Key Vitamin C + E Sunscreen,Sunscreen,Dot and Key,"SPF 50+ PA++++, Reduces Dark Spots, Brightens Skin",Rs 476,1,1,1,1,1
188,https://www.dotandkey.com/products/watermelon-cooling-spf-50-face-sunscreen,Dot and Key Watermelon Cooling Hyaluronic Sunscreen,Sunscreen,Dot and Key,"SPF 50+ PA++++, Controls Oil, Removes Tan",Rs 476,0,1,1,0,0
189,https://www.dotandkey.com/products/strawberry-dew-tinted-sunscreen-spf-50-pa,Dot and Key Strawberry Dew Tinted Sunscreen,Sunscreen,Dot and Key,"SPF 50+ PA++++, Reduces Dark Spots, Removes Tan",Rs 439,1,1,1,1,1
190,https://www.dotandkey.com/products/barrier-repair-sunscreen,Dot and Key Barrier Hydrating Sunscreen  ,Sunscreen,Dot and Key,"SPF 50+ PA++++, Removes Tan, Hydrates Skin",Rs 476,0,0,0,1,1
191,https://www.dotandkey.com/products/cica-calming-mattifying-sunscreen-spf-50-pa,Dot and Key Cica and Niacinamide Mattifying Sunscreen,Sunscreen,Dot and Key,"SPF 50+ PA++++, Removes Tan, Reduces Acne",Rs 476,0,1,1,0,1
192,https://www.dotandkey.com/products/strawberry-sunstick,Dot and Key Strawberry Dew Sunscreen Stick,Sunscreen,Dot and Key,"SPF 50+ PA++++, Removes Tan, Glowing Skin",Rs 476,1,1,1,1,1
193,https://www.dotandkey.com/products/lime-rush-swim-sports-spf-50-sunscreen,Dot and Key Swim + Sports Sunscreen ,Sunscreen,Dot and Key,"SPF 50 + PA++++, Removes Tan, Brightens Skin",Rs 396,1,1,1,1,1
194,https://beminimalist.co/collections/skin-body-1?sort_by=best-selling&filter.p.m.my_fields.type_of_product=Cleanser&filter.v.price.gte=&filter.v.price.lte=,Minimalist Salicylic Acid + LHA 2% Face Wash,Face Wash,Minimalist,"Controls Oil, Cleanses Skin",Rs 295,0,1,1,1,1
195,https://beminimalist.co/collections/skin-body-1/products/oat-extract-06-gentle-cleanser?_pos=2&_fid=043ac3754&_ss=c,Minimalist Oat Extract 6% Gentle Face Wash,Face Wash,Minimalist,"Glowing Skin, Cleanses Skin",Rs 289,0,1,1,0,
196,https://beminimalist.co/collections/skin-body-1/products/aquaporin-booster-05-cleanser?_pos=3&_fid=043ac3754&_ss=c,Minimalist Aquaporin Booster 5% Face Wash,Face Wash,Minimalist,"Hydrates Skin, Cleanses Skin",Rs 289,1,1,1,1,1
197,https://beminimalist.co/collections/skin-body-1/products/alpha-lipoic-glycolic-07-cleanser?_pos=4&_fid=043ac3754&_ss=c,Minimalist Alpha Lipoic + Glycolic 7% Face Wash,Face Wash,Minimalist,"Hydrates Skin, Glowing Skin",Rs 289,1,1,1,0,1
198,https://beminimalist.co/collections/skin-body-1/products/pha-3-biotic-toner?_pos=1&_fid=d0246d5ce&_ss=c,Minimalist Polyhydroxy Acid (PHA) 3% Face Toner,Toner,Minimalist,"Even Skin Tone, Brightens Skin",Rs 395,0,1,1,0,1
199,https://beminimalist.co/collections/skin-body-1/products/glycolic-acid-08-exfoliating-liquid?_pos=2&_fid=d0246d5ce&_ss=c,Minimalist Glycolic Acid 8% Exfoliating Liquid,Toner,Minimalist,"Even Skin Tone, Glowing Skin",Rs 495,0,1,1,0,1
200,https://beminimalist.co/collections/skin-body-1/products/hocl-skin-relief-spray-150-ppm?_pos=3&_fid=d0246d5ce&_ss=c,Minimalist HOCL Skin Relief Spray ,Toner,Minimalist,"Reduces Acne, Hydrates Skin",Rs 395,1,1,1,1,1
201,https://beminimalist.co/collections/skin-body-1/products/vitamin-b5-10-moisturizer?_pos=1&_fid=d70f2d0f3&_ss=c,Minimalist Vitamin B5 10% Moisturizer,Moisturizer,Minimalist,"Hydrates Skin, Controls Oil",Rs 329,0,1,1,0,1
202,https://beminimalist.co/collections/skin-body-1/products/sepicalm-3-oat-moisturiser?_pos=2&_fid=d70f2d0f3&_ss=c,Minimalist Sepicalm 3% Moisturizer,Moisturizer,Minimalist,"Hydrates Skin, Smooth Skin",Rs 345,1,1,1,1,0
203,https://beminimalist.co/collections/skin-body-1/products/marula-05-moisturizer?_pos=3&_fid=d70f2d0f3&_ss=c,Minimalist Marula Oil 5% Face Moisturizer,Moisturizer,Minimalist,"Controls Oil, Brightens Skin",Rs 279,1,1,1,1,0
204,https://beminimalist.co/collections/skin-body-1/products/ceramides-0-3-madecassoside?_pos=4&_fid=d70f2d0f3&_ss=c,Minimalist Ceramides 0.3% + Madecassoside Moisturizer,Moisturizer,Minimalist,"Controls Oil, Smooth Skin",Rs 589,0,1,1,0,0
205,https://beminimalist.co/collections/skin-body-1/products/ceramides-0-3-bisabolol?_pos=6&_fid=d70f2d0f3&_ss=c,Minimalist Ceramides 0.3% + Bisabolol Moisturizer,Moisturizer,Minimalist,"Brightens Skin, Even Skin Tone",Rs 589,1,1,1,1,1
206,https://beminimalist.co/collections/skin-body-1/products/salicylic-acid-2?_pos=1&_fid=51d3d5e3c&_ss=c,Minimalist Salicylic Acid 2% Face Serum,Serum,Minimalist,"Reduces Acne, Removes Tan",Rs 545,0,1,1,1,0
207,https://beminimalist.co/collections/skin-body-1/products/vitamin-c-ethyl-ascorbic-acid-10-acetyl-glucosamine-1?_pos=2&_fid=51d3d5e3c&_ss=c,Minimalist Vitamin C 10% Face Serum,Serum,Minimalist,"Reduces Dark Spots, Glowing Skin",Rs 695,1,1,1,1,1
208,https://beminimalist.co/collections/skin-body-1/products/alpha-arbutin-2?_pos=3&_fid=51d3d5e3c&_ss=c,Minimalist Alpha Arbutin 2% Face Serum,Serum,Minimalist,"Reduces Dark Spots, Brightens Skin",Rs 539,0,1,1,1,0
209,https://beminimalist.co/collections/skin-body-1/products/niacinamide-10-with-matmarine?_pos=4&_fid=703010687&_ss=c,Minimalist Niacinamide 10% Face Serum,Serum,Minimalist,"Controls Oil, Reduces Acne Marks",Rs 599,1,1,1,1,1
210,https://beminimalist.co/collections/skin-body-1/products/niacinamide-5-hyaluronic-acid-1?_pos=5&_fid=703010687&_ss=c,Minimalist Niacinamide 5% Face Serum,Serum,Minimalist,"Hydrates Skin, Reduces Acne Marks",Rs 595,1,1,1,1,1
211,https://beminimalist.co/collections/skin-body-1/products/2-hyaluronic-acid?_pos=6&_fid=703010687&_ss=c,Minimalist Hyaluronic + PGA 2% Face Serum,Serum,Minimalist,"Hydrates Skin, Glowing Skin",Rs 595,0,1,1,1,1
212,https://beminimalist.co/collections/skin-body-1/products/vitamin-c-e-ferulic-16?_pos=7&_fid=703010687&_ss=c,Minimalist Vitamin C + E + Ferulic 16% Face Serum,Serum,Minimalist,"Even Skin Tone, Glowing Skin",Rs 589,0,1,1,1,1
213,https://beminimalist.co/collections/skin-body-1/products/retinol-0-3-q10?_pos=8&_fid=703010687&_ss=c,Minimalist Retinol 0.3% Face Serum,Serum,Minimalist,"Smooth Skin, Hydrates Skin",Rs 589,0,1,1,1,1
214,https://beminimalist.co/collections/skin-body-1/products/tranexamic-3-hpa?_pos=9&_fid=703010687&_ss=c,Minimalist Tranexamic 3% Face Serum,Serum,Minimalist,"Removes Tan, Reduces Dark Spots",Rs 645,1,1,1,1,1
215,https://beminimalist.co/collections/skin-body-1/products/multi-peptide-serum-7-matrixyl-3000-3-bio-placenta?_pos=10&_fid=703010687&_ss=c,Minimalist Multi-Peptides 10% Face Serum,Serum,Minimalist,"Brightens Skin, Glowing Skin",Rs 695,1,1,1,1,1
216,https://beminimalist.co/collections/skin-body-1/products/retinol-0-6?_pos=11&_fid=703010687&_ss=c,Minimalist Retinol 0.6% Face Serum,Serum,Minimalist,"Reduces Acne, Reduces Acne Marks, Controls Oil",Rs 639,1,1,1,0,1
217,https://beminimalist.co/collections/skin-body-1/products/retinal-0-1-face-serum?_pos=12&_fid=703010687&_ss=c,Minimalist Retinal 0.1% Face Serum,Serum,Minimalist,"Even Skin Tone, Reduces Dark Spots",Rs 799,1,1,1,1,1
218,https://beminimalist.co/collections/skin-body-1/products/multi-vitamin-spf-50?_pos=1&_fid=26a6241b3&_ss=c,Minimalist Sunscreen With Niacinamide + Vitamin b5 + Vitamin f,Sunscreen,Minimalist,"SPF 50 PA++++, Removes Tan",Rs 399,0,1,1,0,1
219,https://beminimalist.co/collections/skin-body-1/products/spf-60-silymarin?_pos=2&_fid=26a6241b3&_ss=c,"Minimalist Sunscreen With Silymarin, + Hyaluronic acid + Vitamin E",Sunscreen,Minimalist,"SPF 60 PA++++, Non -Sticky",Rs 589,0,1,1,1,1
220,https://beminimalist.co/collections/skin-body-1/products/spf-50-sunscreen-stick?_pos=3&_fid=26a6241b3&_ss=c,Minimalist Sunscreen Stick,Sunscreen,Minimalist,"SPF 50 PA++++, Non -Sticky",Rs 799,1,1,1,1,1
221,https://beminimalist.co/collections/skin-body-1/products/invisible-spf-40-sunscreen?_pos=4&_fid=26a6241b3&_ss=c,"Minimalist An invisible, sweat & water-resistant sunscreen ",Sunscreen,Minimalist,"SPF 40 PA++, Smooth Skin",Rs 495,0,1,1,1,1
222,https://beminimalist.co/collections/skin-body-1/products/light-fluid-spf-50-sunscreen?_pos=5&_fid=26a6241b3&_ss=c,"Minimalist A lightweight, water-resistant Sunscreen ",Sunscreen,Minimalist,"SPF 50 PA++++, Hydrates Skin, Removes Tan",Rs 495,1,1,1,1,1
223,https://plumgoodness.com/products/plum-2-niacinamide-rice-water-face-wash,Plum 2% Niacinamide & Rice Water Simply Bright Face Wash,Face Wash,Plum,"Brightens Skin, Cleanses Skin, Smooth Skin",Rs 269,1,1,1,1,1
224,https://plumgoodness.com/products/green-tea-pore-cleansing-face-wash,Plum Green Tea Pore Cleansing Face Wash,Face Wash,Plum,"Controls Oil, Minimizes Pores",Rs 315,0,1,1,0,1
225,https://plumgoodness.com/products/saffron-papaya-glow-bright-face-wash,Plum Saffron & Papaya Glow Bright Face Wash with Vitamin B5,Face Wash,Plum,"Brightens Skin, Glowing Skin",Rs 234,1,1,1,1,1
226,https://plumgoodness.com/products/salicylic-acid-foaming-facewash,Plum 1% Encapsulated Salicylic Acid Foaming Face Wash,Face Wash,Plum,"Controls Oil, Reduces Acne, Smooth Skin",Rs 292,1,1,1,1,1
227,https://plumgoodness.com/products/vitamin-c-foaming-face-wash,Plum Vitamin C Foaming Face Wash with Mandarin,Face Wash,Plum,"Glowing Skin, Reduces Dark Spots",Rs 356,1,1,1,1,1
228,https://plumgoodness.com/products/chamomile-white-tea-skin-revival-face-wash-120-ml,Plum Chamomile & White Tea Revival Face Wash,Face Wash,Plum,"Brightens Skin, Remove Tan",Rs 470,1,1,1,1,1
229,https://plumgoodness.com/products/turmeric-white-clay-acne-action-face-wash,Plum Turmeric & White Clay Acne Action Face Wash,Face Wash,Plum,"Controls Oil, Reduces Acne, Removes Tan",Rs 236,1,1,1,1,1
230,https://plumgoodness.com/products/1-oat-allantoin-deep-nourish-face-wash-nourishes-soothes-protects-skin-restores-skin-barrier-non-drying-with-vitamin-f-b5-100-vegan,Plum 1% Oat & Allantoin Deep Nourish Face Wash,Face Wash,Plum,"Cleanses Skin, Hydrates Skin",Rs 236,1,1,1,1,1
231,https://plumgoodness.com/products/detox-face-wash-with-activated-charcoal,Plum Charcoal Do-the-Detox Face Wash,Face Wash,Plum,"Controls Oil, Minimizes Pores",Rs 285,1,1,1,1,1
232,https://plumgoodness.com/products/hello-aloe-skin-loving-face-wash,Plum Hello Aloe Skin Loving Face Wash,Face Wash,Plum,"Cleanses Skin, Smooth Skin",Rs 310,1,1,1,1,1
233,https://plumgoodness.com/products/plum-niacinamide-toner-with-rice-water,Plum 3% Niacinamide Face Toner with Rice Water,Toner,Plum,"Brightens Skin, Minimizes Pores",Rs 399,1,1,1,1,1
234,https://plumgoodness.com/products/green-tea-alcohol-free-toner-150ml,Plum Green Tea Alcohol-free Toner,Toner,Plum,"Controls Oil, Minimizes Pores",Rs 370,1,1,1,1,1
235,https://plumgoodness.com/products/green-tea-alcohol-free-toner,Plum Green Tea Alcohol-Free Face Toner,Toner,Plum,"Controls Oil, Minimizes Pores",Rs 373,0,1,1,0,1
236,https://plumgoodness.com/products/bulgarian-valley-rose-water-toner-100-ml,Plum Bulgarian Valley Rose Water Toner,Toner,Plum,"Hydrates Skin, Minimizes Pores",Rs 213,1,1,1,1,1
237,https://plumgoodness.com/products/vitamin-c-toner-with-mandarin,Plum 1.5% Vitamin C Face Toner with Mandarin,Toner,Plum,"Minimizes Pores, Removes Tan",Rs 395,1,1,1,1,1
238,https://plumgoodness.com/products/vitamin-c-face-toner-with-mandarin-kakadu-plum,Plum Vitamin C Face Toner with Mandarin & Kakadu Plum,Toner,Plum,"Minimizes Pores, Reduces Dark Spots",Rs 399,1,1,1,1,1
239,https://plumgoodness.com/products/chamomile-white-tea-calming-antioxidant-toner,Plum Chamomile & White Tea Calming Antioxidant Toner,Toner,Plum,"Minimizes Pores, Smooth Skin",Rs 351,0,1,1,0,1
240,https://plumgoodness.com/products/pha-toner-with-blueberry,Plum 3% PHA Toner with Blueberry,Toner,Plum,"Minimizes Pores, Smooth Skin",Rs 399,1,1,1,1,1
241,https://plumgoodness.com/products/plum-2-niacinamide-rice-water-spf-50-pa-sunscreen-reduces-blemishes-brightens-skin-protects-from-uva-uvb-rays-fragrance-free-all-skin-types-100-vegan,Plum 2% Niacinamide & Rice Water Sunscreen,Sunscreen,Plum,"Brightens Skin, SPF 50 PA++++",Rs 359,1,1,1,1,1
242,https://plumgoodness.com/products/squalane-vitamin-e-spf-50-pa-dewy-bright-sunscreen,Plum Squalane & Vitamin E Sunscreen,Sunscreen,Plum,"Non-Sticky, SPF 50 PA+++",Rs 474,1,1,1,1,1
243,https://plumgoodness.com/products/cica-hyaluronic-acid-spf-50-pa-sunscreen,Plum Cica & Hyaluronic Acid  Sunscreen,Sunscreen,Plum,"Controls Oil, Non-Sticky, SPF 50 PA+++",Rs 379,1,1,1,1,1
244,https://plumgoodness.com/products/green-tea-day-light-sunscreen-gel-spf35-pa,Plum Green Tea Day-Light Sunscreen Gel ,Sunscreen,Plum,"Controls Oil, SPF 35 PA+++",Rs 488,0,1,1,0,1
245,https://plumgoodness.com/products/chamomile-white-tea-sheer-matte-day-cream-spf50,Plum Chamomile & White Tea Sheer Matte Day Cream Sunscreen,Sunscreen,Plum,"Removes Tan, SPF 50 PA+++",Rs 442,0,1,1,1,1
246,https://plumgoodness.com/products/bright-years-all-day-defence-cream-spf-45-pa,Plum Bright Years All Day Defence Cream Sunscreen,Sunscreen,Plum,"Hydrates Skin, SPF 45 PA+++",Rs 787,0,1,1,1,1
247,https://plumgoodness.com/products/plum-rice-water-niacinamide-2-hybrid-sunscreen-15-g,Plum Rice Water & Niacinamide 2% Hybrid Sunscreen,Sunscreen,Plum,"Hydrates Skin, SPF 50 PA+++",Rs 149,1,1,1,1,1
248,https://plumgoodness.com/products/hello-aloe-ultra-lite-day-lotion-spf-20,Plum Hello Aloe Ultra Lite Day Lotion,Sunscreen,Plum,"Cleanses Skin, Hydrates Skin, SPF 20",RS 427,1,1,1,1,1
249,https://plumgoodness.com/products/10-niacinamide-face-serum-with-rice-water-for-clear-blemish-free-bright-skin-suits-all-skin-types-fragrance-free,Plum 10% Niacinamide Face Serum with Rice Water,Serum,Plum,"Brightens Skin, Smooth Skin",Rs 747,1,1,1,1,1
250,https://plumgoodness.com/products/15-vitamin-c-face-serum-with-mandarin-for-glowing-skin-for-hyperpigmentation-dull-skin-fragrance-free-1,Plum 15% Vitamin C Face Serum with Mandarin,Serum,Plum,"Reduces Dark Spots, Removes Tan",Rs 592,1,1,1,1,1
251,https://plumgoodness.com/products/1-retinol-face-serum-with-bakuchiol-reduces-fine-lines-wrinkles-promotes-cell-turnover-for-youthful-smooth-skin-100-vegan-fragrance-free,Plum 1% Retinol Face Serum with Bakuchiol,Serum,Plum,"Glowing Skin, Hydrates Skin",Rs 687,1,1,1,1,1
252,https://plumgoodness.com/products/green-tea-zinc-complex-3-face-serum,Plum 3% Zinc Complex Face Serum with Green Tea,Serum,Plum,"Controls Oil, Reduces Acne",Rs 569,1,1,1,1,1
253,https://plumgoodness.com/products/niacinamide-face-serum-with-rice-water-amino-acid-vegan-30-ml,Plum 5% Niacinamide Face Serum With Rice Water,Serum,Plum,"Brightens Skin, Glowing Skin",Rs 545,1,1,1,1,1
254,https://plumgoodness.com/products/plum-thinkderma-2-encapsulated-salicylic-acid-face-serum-fights-active-acne-regulates-sebum-controls-oil-calms-soothes-inflammation-lightweight-quick-absorbing-100-vegan,Plum 2% Encapsulated Salicylic Acid Face Serum,Serum,Plum,"Controls Oil, Smooth Skin",Rs 521,1,1,1,1,1
255,https://plumgoodness.com/products/plum-thinkderma-2-alpha-arbutin-hyaluronic-acid-face-serum-fades-tan-brightens-skin-controls-melanin-production-with-yuzu-lemon-licorice-fragrance-free-100-vegan-30-ml,Plum 2% Alpha Arbutin & Hyaluronic Acid Face Serum,Serum,Plum,"Reduces Dark Spots, Removes Tan",Rs 569,1,1,1,1,1
256,https://plumgoodness.com/products/copy-of-2-hyaluronic-acid-face-serum-with-bulgarian-rose,Plum 2% Hyaluronic Acid Face Serum with Bulgarian Rose,Serum,Plum,"Glowing Skin, Hydrates Skin",Rs 569,1,1,1,1,1
257,https://plumgoodness.com/products/grape-seed-sea-buckthorn-glow-restore-face-oils-blend,Plum Grape Seed & Sea Buckthorn Glow-Restore Face Oils Blend,Serum,Plum,"Brightens Skin, Glowing Skin",Rs 697,1,1,1,1,1
258,https://plumgoodness.com/products/bright-years-cell-renewal-serum,"Plum Bright Years Cell Renewal Serum | 100% Vegan, Cruelty Free",Serum,Plum,"Brightens Skin, Glowing Skin",Rs 1338,1,1,1,1,1
259,https://plumgoodness.com/products/thinkderma-2-niacinamide-rice-water-clear-moisture-gel-cream-all-day-non-greasy-moisturizer-fades-blemishes-brightens-skin-3-matmarine-for-oil-control-lightweight-non-sticky-100-vegan,Plum 2% Niacinamide & Rice Water Gel Cream,Moisturizer,Plum,"Brightens Skin, Glowing Skin",Rs 462,1,1,1,1,1
260,https://plumgoodness.com/products/oat-1-ceramide-barrier-love-face-cream,Plum Oat & 1% Ceramide Barrier Love Face Cream,Moisturizer,Plum,"Brightens Skin, Hydrates Skin",Rs 379,1,0,1,1,1
261,https://plumgoodness.com/products/saffron-kumkumadi-oil-moisturizer?utm_source=ap&utm_medium=clickonik_67335dc77effae0345ce335e&utm_campaign=67335dc77effae0345ce335e,Plum Saffron & Kumkumadi Oil Glow Bright Moisturizer,Moisturizer,Plum,"Brightens Skin, Glowing Skin, SPF 35",Rs 359,1,1,1,1,1
262,https://plumgoodness.com/products/plum-thinkderma-salicylic-lactic-acid-skin-smoothing-gel-moisturizer-fights-acne-improves-skin-texture-lightweight-non-greasy,Plum Salicylic & Lactic Acid Skin-Smoothing Gel Moisturizer,Moisturizer,Plum,"Controls Oil, Reduces Acne, Smooth Skin",Rs 498,1,1,1,1,1
263,https://plumgoodness.com/products/e-luminence-deep-moisturizing-creme,Plum E-Luminence Deep Moisturizing Crème,Moisturizer,Plum,"Glowing Skin, Hydrates Skin",Rs 512,0,0,0,1,0
264,https://plumgoodness.com/products/1-oat-allantoin-all-day-nourishing-cream-soothes-nourishes-protects-skin-strengthens-skin-barrier-moisturizes-hydrates-with-vitamin-e-b5-100-vegan-50g,Plum 1% Oat & Allantoin Nourishing Face Cream with Vitamin E,Moisturizer,Plum,"Hydrates Skin, Smooth Skin",Rs 379,1,1,1,1,1
265,https://plumgoodness.com/products/thinkderma-1-resveratrol-vitamin-c-youthful-glow-moisturizer-fights-signs-of-aging-enhances-collagen-production-boosts-glow-lightweight-quick-absorbing-100-vegan,Plum 1% Resveratrol & Vitamin C Youthful Glow Moisturizer,Moisturizer,Plum,"Controls Oil, Reduces Acne Marks, Reduces Acne",Rs 569,1,1,1,1,1
266,https://plumgoodness.com/products/plum-hemp-ceramides-moisturizer-with-algae-oil-aloe-extracts-strengthens-skin-barrier-reduces-breakouts-soothes-imflammation-all-skin-types-100-vegan-50g,Plum Hemp & Ceramides Moisturizer With Algae Oil & Aloe Extracts,Moisturizer,Plum,"Hydrates Skin, Smooth Skin",Rs 522,1,1,1,1,1
